book_title,book_author,book_translator,book_pub_date,book_isbn
GAN 첫걸음,타리크 라시드 ,고락윤 ,2021-03-10,9791162243954
처음부터 제대로 배우는 라라벨,맷 스타우퍼 ,"이현석 , 안정수 ",2020-12-04,9791162243688
한글 재미 그림책 3권 세트,"김세실 , 김희선(그림) , 김효주(그림) , 이혜영(그림) ",,2021-02-10,9791162243916
쿠버네티스 모범 사례,"브렌던 번스 , 에디 비얄바 , 데이브 스트레벨 , 라클런 이븐슨 ",장정호 ,2020-12-01,9791162243640
안전한 인공지능 시스템을 위한 심층 신경망 강화,케이티 워 ,김영하 ,2020-12-01,9791162243534
처음 배우는 스위프트,탠메이 박시 ,우정은 ,2020-12-04,9791162243725
"3D 프린터 101 : 기초부터 활용까지, 3D 프린터의 모든 것(개정판)",안상준 ,,2018-07-15,9791162240793
처음 배우는 애저 : Azure Portal로 배우는 애저 도입부터 활용까지,김도균 ,,2020-12-23,9791162243695
혼자 공부하는 머신러닝+딥러닝,박해선 ,,2020-12-21,9791162243664
비즈니스 머신러닝,"더그 허전 , 리처드 니콜 ","김정민 , 문선홍 , 정용우 ",2020-12-23,9791162243657
머신러닝을 위한 실전 데이터셋,"칼리드 엘 에맘 , 루시 모스케라 , 리처드 홉트로프 ",심상진 ,2021-01-04,9791162243749
이것이 C#이다(개정판),박상현 ,,2021-01-18,9791162243770
혼자 공부하는 자바스크립트,윤인성 ,,2021-01-04,9791162243671
소프트웨어 스펙의 모든 것,"김익환 , 전규현 ",,2021-01-05,9791162243732
신경망 첫걸음,타리크 라시드 ,송교석 ,2017-04-03,9788968483509
재미있고 빠른 읽기 떼는 동화 세트,"김세실 , 송승주 , 김예실 , 박선호 ",,2019-05-01,9791162241714
스웨덴 사람들은 왜 피곤하지 않을까,박민선 ,,2014-04-28,9791195153848
3D 프린팅을 위한 스케치업,리디아 클라인 ,민혜기 ,2017-05-01,9788968483578
우리는 왜 위험한 것에 끌리는가,리처드 스티븐스 ,김정혜 ,2016-03-22,9791157841202
도쿄의 오래된 상점을 여행하다,"여지영 , 이진숙 ",,2014-05-21,9791195153817
매니징 쿠버네티스,"브렌던 번스 , 크레이그 트레이시 ",오성근 ,2019-06-05,9791162241929
잘 자고 잘 먹는 아기의 시간표,정재호 ,,2014-05-28,9791195153886
엄마는 약 선생,윤수진 ,,2014-08-04,9791195153893
마사 스튜어트 미술놀이대백과 175,마사 스튜어트 리빙 ,서라미 ,2014-08-14,9791195153879
아기 100일 엄마 100일,"황덕상 , 정민형 ",,2016-04-20,9791185933375
"욕심이 차오를 때, 노자를 만나다",박영규 ,,2017-10-25,9791157842094
당신의 행복이  어떻게 세상을 구하냐고 물으신다면,콜린 베번(Colin Beavan) ,이은선 ,2018-04-03,9791157842520
"필사, 쓰는 대로 인생이 된다",김시현 ,,2016-12-22,9791157841639
내가? 정치를? 왜?,"이형관 , 문현경 ",,2017-10-30,9791157842100
도마뱀을 설득하라,제임스 크리민스 ,정수진 ,2017-11-06,9791157842063
화성인도 읽는 우주여행 가이드북,닐 코민스 ,박아람 ,2017-11-16,9791157842162
재미있고 빠른 읽기 떼는 동화 - 받침 있는 글자,"김예실 , 권지은 ",,2019-05-01,9791162241738
처음 배우는 스위프트,탠메이 박시 ,우정은 ,2020-12-04,9791162243725
반경 5미터의 행복,다카시마 다이 ,전화윤 ,2018-04-06,9791157842551
잘 먹고 더 움직이고 잘 자라,톰 래스 ,김태훈 ,2014-02-28,9791195153831
지금 세계는 무엇을 생각하는가,오카모토 유이치로(岡本裕一朗) ,전경아 ,2018-04-20,9791157842575
크로아티아의 작은 마을을 여행하다,양미석 ,,2015-03-16,9791185933108
3D 프린터 101,"안상준 , 정재학 ",,2017-03-02,9788968483424
자포스는 왜 버려진 도시로 갔는가,에이미 그로스(Aimee Groth) ,이정란 ,2018-04-23,9791157842582
아이주도 이유식,"질 래플리 , 트레이시 머켓 ",정수진 ,2014-09-25,9791185933030
3D 프린터 101,"안상준 , 정재학 ",,2017-03-02,9788968483424
단어 하나 바꿨을 뿐인데,하마다 이오리 ,정은희 ,2018-05-14,9791157842629
다크사이드,"토드 카시단 , 로버트 비스워스 디너 ",,2018-05-28,9791157842667
저는 가상화폐가 처음인데요,김태형 ,,2018-06-01,9791157842643
원칙,레이 달리오(Ray Dalio) ,고영태 ,2018-06-05,9791157842636
로봇 시대에 불시착한 문과형 인간,다카하시 도루 (岡本裕一朗) ,김은혜 ,2018-06-19,9791157842704
누가 김부장을 죽였나,김영선 ,,2018-07-16,9791157842735
길고양이들은 배고프지 말 것,이상교 ,,2018-07-17,9791157842711
대한민국 아파트 부의 지도,이상우 ,,2018-06-29,9791157842728
이젠 내 시간표대로 살겠습니다,미카엘라 청 ,김정혜 ,2018-08-16,9791157842780
"3D 프린터 101 : 기초부터 활용까지, 3D 프린터의 모든 것(개정판)",안상준 ,,2018-07-15,9791162240793
매니징 쿠버네티스,"브렌던 번스 , 크레이그 트레이시 ",오성근 ,2019-06-05,9791162241929
우주에도 우리처럼,"아베 유타카 , 아베 아야코 ",정세영 ,2018-08-30,9791157842827
퇴근길 인문학 수업 : 멈춤,백상경제연구원 ,,2018-09-11,9791157842858
아마추어,앤디 메리필드 ,박준형 ,2018-08-30,9791157842834
돈의 마법,고경호 ,,2018-09-21,9791157842926
퇴근길 인문학 수업 : 전진,백상경제연구원 ,,2018-10-15,9791157842872
퇴근길 인문학 수업 : 전환,백상경제연구원 ,,2018-09-28,9791157842865
프라이드,박준기 ,,2018-10-15,9791157842919
재미있고 빠른 읽기 떼는 동화 - 받침 없는 글자,"송승주 , 박선호 ",,2019-05-01,9791162241721
만화로 배우는 곤충의 진화,김도윤(갈로아) ,,2018-10-15,9791157842940
하루 3줄 영어 일기,ALC 편집부 ,정은희 ,2017-11-22,9791157842131
아내가 창업했다,정민형 ,,2017-11-30,9791157842179
아두이노 101,서영배 ,,2016-10-15,9788968484780
헬위크,에릭 라르센 ,김정희 ,2017-12-21,9791157842216
4차 산업혁명 시대의 경영정보시스템,이동훈 ,,2017-08-08,9791156643319
메이커 매뉴얼,"안드레아 마이에타 , 파올로 알리베르티 ",남기혁 ,2016-07-01,9788968482885
"4차 산업혁명, 나는 무엇을 준비할 것인가","장재준 , 황온경 , 황원규 ",,2017-12-20,9791157842209
HOW TO WALK,틱낫한 ,진우기 ,2018-01-29,9791157842285
4차 산업혁명 시대의 기업 혁신을 위한 비즈니스 프로세스,"정승렬 , 이정규 ",,2018-03-10,9791156643913
HOW TO SIT,틱낫한 ,진우기 ,2018-01-29,9791157842278
HOW TO RELAX,틱낫한 ,진우기 ,2018-01-29,9791157842261
3D 프린팅을 위한 스케치업,리디아 클라인 ,민혜기 ,2017-05-01,9788968483578
HOW TO LOVE,틱낫한 ,진우기 ,2018-01-29,9791157842254
돌아온 여행자에게,란바이퉈 ,이현아 ,2018-02-05,9791157842322
HOW TO EAT,틱낫한 ,진우기 ,2018-01-29,9791157842247
저는 스타트업이 처음인데요,권오상 ,,2018-02-22,9791157842353
쿠버네티스 모범 사례,"브렌던 번스 , 에디 비얄바 , 데이브 스트레벨 , 라클런 이븐슨 ",장정호 ,2020-12-01,9791162243640
퇴근길 인문학 수업 : 뉴노멀,"백상경제연구원 , 김경미 , 연유진 , 이준정 , 김숙 , 오준호 , 장형진 , 이효정 , 강학중 , 김선아 , 문승호 , 안나미 , 조현수 ",,2020-06-30,9791157844265
파리지엔은 사랑하기를 포기하지 않는다,"플로랑스 베송 , 에바 아모르 , 클레르 스타인렌 ",곽미성 ,2018-02-28,9791157842414
스웨덴은 어떻게 원하는 삶을 사는가,라르스 다니엘손 ,박현정 ,2018-03-06,9791157842438
세상에서 제일 빠른 3분 삼국지 톡,심쌤 ,,2018-03-19,9791157842469
더 저널리스트 02,조지 오웰 ,김영진 ,2018-03-10,9791157842339
알리기 전에  알면 좋은 사실들,홍태화 ,,2018-03-20,9791157842445
거절당하기 연습,지아 장 ,임지연 ,2017-01-24,9791157841684
Make: 심플 로봇,케이티 세서리 ,임지순 ,2016-08-01,9788968484971
북유럽 비즈니스 산책,하수정 ,,2017-01-30,9791157841691
"IT CookBook, 전자상거래와 e-비즈니스(개정3판)",이동훈 ,,2015-12-28,9791156642435
HOW TO 시리즈(세트),틱낫한 ,진우기 ,2018-01-29,9791157842230
딥 스마트 : 똑똑한 조직을 만드는 탁월한 리더,이정규 ,,2011-06-12,9788994120171
전자부품 백과사전 vol.1 : 전력 전원 및 변환,찰스 플랫 ,배지은 ,2014-12-26,9788968481505
메이커 운동 선언 : 테크숍 CEO가 말하는 미래를 지배할 혁신의 원칙,마크 해치 ,정향 ,2014-05-20,9788968480980
전자부품 백과사전 vol.2 : 신호 처리,찰스 플랫 ,"배지은 , 이하영 ",2015-12-01,9788968482373
Maker Pro : 메이커 프로,존 베이첼 ,정향 ,2015-07-28,9788968482038
Make: Technology on Your Time Volume 02,오라일리 / 메이크 미디어 (Make Media) ,한빛미디어 / Make ,2011-09-06,9788979148411
퇴근길 인문학 수업 : 연결,백상경제연구원 ,,2019-09-30,9791157843640
Zero to Maker: 누구나 메이커가 될 수 있다,데이비드 랭 ,장재웅 ,2015-02-27,9788968481710
Make: Technology on Your Time Volume 01,오라일리 / 메이크 미디어 (Make Media) ,한빛미디어 / Make ,2011-05-09,9788979147728
프레임 대 프레임,조윤호 ,,2017-03-20,9791157841769
인사담당자 100명의 비밀녹취록,"김도윤 , 제갈현열 ",,2017-02-17,9791157841707
고양이 부처는 고민이 없다냥,미야시타 마코토 ,김희은 ,2017-03-17,9791157841752
어휘력이 교양이다,사이토 다카시 ,장은주 ,2017-04-03,9791157841738
Make: Technology on Your Time Volume 03,오라일리 / 메이크 미디어 (Make Media) ,한빛미디어 / Make ,2012-04-02,9788979149128
원자재전쟁,유태원 ,,2017-04-24,9791157841806
Make: Technology on Your Time Volume 04,오라일리 / 메이크 미디어 (Make Media) ,한빛미디어 / Make ,2012-09-28,9788979149586
"제4의 물결, 답은 역사에 있다",고평석 ,,2017-04-15,9791157841790
Make: Technology on Your Time Volume 05,오라일리 미디어 (메이크 편집부) ,한빛미디어 / Make ,2013-03-07,9788979149753
"소셜 모바일 시대, QR 코드 마케팅 전략","박은숙 , 박윤선 ",,2011-05-17,9788979148282
Make : Technology on Your Time Volume 07,메이커 미디어 ,한빛미디어 / Make ,2013-12-28,9788968480669
Make : Technology on Your Time Volume 06,메이커 미디어 ,한빛미디어 / Make ,2013-05-21,9788968480188
백만 방문자와 소통하는 블로그 마케팅,조재형 ,,2015-06-28,9788968481994
Make: 센서,"테로 카르비넨 , 키모 카르비넨 , 빌리 발토카리 ","지영민 , 남기혁 ",2015-09-28,9788968482205
백만 방문자와 소통하는 소셜 홍보 마케팅,김진 ,,2015-09-18,9788968482236
Make: Technology on Your Time Volume 08,메이크 미디어 (Make Media) ,한빛미디어 / Make ,2015-06-28,9788968480836
백만 방문자와 소통하는 페이스북 마케팅,"종유진 , 최규문 ",,2016-10-10,9788968482601
저는 재테크가 처음인데요 완전 개정판,김태형 ,,2017-04-26,9791157841837
천 명의 눈 속에는 천 개의 세상이 있다,가오밍 ,이현아 ,2017-06-30,9791157841936
조르바의 인생수업,장석주 ,,2017-05-20,9791157841844
전자부품 백과사전 vol.3,"찰스 플랫 , 프레드릭 얀슨 ","배지은 , 이하영 ",2017-05-01,9788968483493
"다시, 논어",박영규 ,,2017-05-25,9791157841851
나는 중국이 매일 낯설다,이상관 ,,2017-06-30,9791157841905
잠시 멈춤이 필요한 순간,저우궈핑 ,정세경 ,2017-07-25,9791157841981
처음 시작하는 센서,"키모 카르비넨 , 테로 카르비넨 ",임지순 ,2015-02-25,9788968481697
Make : 아두이노 DIY 프로젝트,"키모 카르비넨 , 테로 카르비넨 ",배지은 ,2014-01-02,9788968480737
지적 생활 습관,도야마 시게히코 ,장은주 ,2017-08-10,9791157841998
"자바 프로그래밍 면접, 이렇게 준비한다",노엘 마크엄 ,정원천 ,2015-01-23,9788968481529
"프로그래밍 면접, 이렇게 준비한다(3판)","존 몽건 , 에릭 기게리 , 노아 수요야넨 킨들러 ",서환수 ,2014-02-28,9788968480843
더 저널리스트,어니스트 헤밍웨이 ,김영진 ,2017-08-15,9791157842018
5초의 법칙,멜 로빈스 ,이지연 ,2017-09-01,9791157842049
미라클 라이프,할 엘로드 ,전행선 ,2017-10-23,9791157842087
밑바닥부터 시작하는 딥러닝,사이토 고키 ,개앞맵시(이복연) ,2017-01-03,9788968484636
"내 가게, 소셜커머스로 대박나기 : 소상공인을 위한 소셜커머스 활용 가이드 북","손미향 , 구현아 , 이지인 ",,2011-08-23,9788979148473
딥러닝 첫걸음,김성필 ,,2016-12-30,9788968487323
페이스북 시대: 소셜 네트워크를 활용한 비즈니스와 마케팅,클라라 샤이(Clara Shih) ,전성민 ,2010-11-23,9788979147902
가장 쉽게 배우는 블로그 & 페이스북,"강진영 , 박순녀 ",,2015-11-26,9788968482441
텐서플로 첫걸음,조르디 토레스 ,박해선 ,2016-08-29,9788968484902
지금 당장 소셜마케팅 시작하라,조재형 ,,2014-02-25,9788994120744
고양이 부처는 고민이 없다냥,미야시타 마코토 ,김희은 ,2017-03-17,9791157841752
유방암을 이겨낸 사람들,질병체험이야기 연구팀 ,,2015-09-11,9791185933221
위암을 이겨낸 사람들,질병체험이야기 연구팀 ,,2015-09-11,9791185933238
더 잘 검색되고 더 정확히 도달되는  유튜브 상위 노출의 모든 것,"민진홍 , 최규문 ",,2019-09-03,9791162242155
신경망 첫걸음,타리크 라시드 ,송교석 ,2017-04-03,9788968483509
코딩의 기술 : C와 C++ 게임 코드로 알아보는,오즈 모리하루 ,윤인성 ,2016-03-28,9788968482694
Make: 라즈베리 파이 로봇,볼프람 도낫 ,이하영 ,2015-08-27,9788968482144
우울증을 이겨낸 사람들,질병체험이야기 연구팀 ,,2015-09-11,9791185933245
파이썬 라이브러리를 활용한 데이터 분석(수정보완판),웨스 맥키니(Wes Mckinney) ,김영근 ,2013-10-26,9788968480478
33가지 프로젝트로 배우는 아두이노,사이먼 몽크 ,윤진서 ,2014-05-20,9788968481000
9가지 사례로 익히는 고급 스파크 분석,"샌디 라이자 , 유리 레이저슨 , 션 오언 , 조시 윌스 ","서양주 , 권한철 , 박상은 ",2016-07-01,9788968482892
좋은 코딩 나쁜 코딩 : 단순한 코드가 좋은 코드다 (2판),박진수 ,,2013-10-10,9788968480560
라즈베리 파이 쿡북,사이먼 몽크 ,"박경욱 , 백운혁 , 유시형 , 윤종우 ",2014-12-26,9788968481536
미라클 모닝 밀리어네어,"할 엘로드 , 데이비드 오스본 ",이주만 ,2019-04-01,9791157843244
프로젝트로 배우는 라즈베리 파이,도날드 노리스 ,임지순 ,2015-04-24,9788968481888
칼만 필터는 어렵지 않아 with MATLAB Examples,김성필 ,,2019-05-20,9791156644415
기적의 매출을 위한 미라클 모닝,"할 엘로드 , 라이언 스노우 ",김현수 ,2019-06-30,9791157843411
헬로 데이터 과학 : 삶과 업무를 바꾸는 생활 데이터 활용법,김진영 ,,2016-02-23,9788968482656
밑바닥부터 시작하는 딥러닝 2,사이토 고키 ,개앞맵시(이복연) ,2019-05-01,9791162241745
밑바닥부터 시작하는 딥러닝 3,사이토 고키 ,개앞맵시(이복연) ,2020-11-20,9791162243596
미라클 모닝 기적의 공식(개정판),할 엘로드 ,김잔디 ,2020-07-15,9791157844296
당뇨를 이겨낸 사람들,질병체험이야기 연구팀 ,,2015-09-11,9791185933214
혼자 배우는 영문 캘리그라피,티애 김은정 ,,2015-09-17,9791185933276
어쩌다 엄마,전투육아블로그 서현정 ,,2015-10-16,9791185933207
특별한 날에 캘리그라피,티애 김은정 ,,2015-09-17,9791185933283
겨울날 눈송이처럼 너를 사랑해,이야기꽃 ,,2015-11-25,9791185933313
프렌치 스타일 크리스마스 장식,아나벨 르샤 ,오보배 ,2015-12-11,9791185933184
"프로그래밍 면접, 이렇게 준비한다(4판)","존 몽건 , 노아 킨들러 , 에릭 기게리 ",서환수 ,2019-07-04,9791162241998
밑바닥부터 시작하는 딥러닝,사이토 고키 ,개앞맵시(이복연) ,2017-01-03,9788968484636
Head First Data Analysis : 당신을 최고의 데이터 분석가로 이끌어줄 마법 같은 학습서,마이클 밀튼 ,김경태 ,2013-04-11,9788968480119
텐서플로 첫걸음,조르디 토레스 ,박해선 ,2016-08-29,9788968484902
Make: 액션,사이먼 몽크 ,임지순 ,2016-12-06,9788968484674
R로 배우는 데이터 분석 기본기 데이터 시각화 : 예제와 함수 중심으로 배우는 빅데이터 분석,후나오 노부오 ,김성재 ,2014-01-02,9788968480645
딥러닝 첫걸음,김성필 ,,2016-12-30,9788968487323
읽기 좋은 자바스크립트 코딩 기법: 유지보수가 쉬운 코드로 팀의 생산성을 높이자,니콜라스 자카스 ,김광호 ,2013-01-26,9788979149883
실시간 분석의 모든 것: 스트리밍 데이터 분석 및 시각화 시스템 구축 가이드,바이런 엘리스 ,이상훈 ,2015-12-11,9788968482298
훌륭한 프로그래머 되는 법 : 프로젝트와 팀을 성공으로 이끄는 선배 개발자의 노하우,피트 구들리프 ,"최원재 , 강전희 , 안재덕 , 남윤화 ",2015-12-04,9788968482304
데이터 분석을 통한 네트워크 보안 : IoT 시대에 맞는 상황 인식형 보안 구축하기,마이클 콜린스 ,문성건 ,2016-03-28,9788968482588
파이썬을 활용한 금융 분석,이브 힐피시 ,김도형 ,2016-05-18,9788968482779
미라클 이퀘이션,할 엘로드 ,김잔디 ,2020-01-20,9791157843817
9가지 사례로 익히는 고급 스파크 분석(2판),"샌디 라이자 , 유리 레이저슨 , 션 오언 , 조시 윌스 ","박상은 , 권한철 , 서양주 ",2018-03-05,9791162240526
비즈니스 활용 사례로 배우는 데이터 분석:R,"사카마키 류지 , 사토 요헤이 ",손정도 ,2015-10-28,9788968482113
파이썬을 활용한 베이지안 통계: 동전 던지기와 하키 승률로 배우는 데이터 분석,앨런 B. 다우니 ,권정민 ,2014-07-14,9788968481147
영어 못하는 서율맘은 어떻게 영어 영재를 키웠나,송후정 ,,2016-01-28,9791185933320
밑바닥부터 시작하는 딥러닝 3,사이토 고키 ,개앞맵시(이복연) ,2020-11-20,9791162243596
함께한 시간만큼 자라는 아이들,장윤희 ,,2015-12-28,9791185933290
초등학교 입학&생활 가이드,"조항미 , 강화진 , 이진화 , 주슬기 ",,2016-01-28,9791185933344
밑바닥부터 시작하는 딥러닝 2,사이토 고키 ,개앞맵시(이복연) ,2019-05-01,9791162241745
파이썬 라이브러리를 활용한 데이터 분석(2판),웨스 맥키니 ,김영근 ,2019-05-20,9791162241905
비즈니스를 위한 데이터 과학 : 빅데이터를 바라보는 데이터 마이닝과 분석적 사고,"포스터 프로보스트 , 톰 포셋 ",강권학 ,2014-06-24,9788968481093
GAN 첫걸음,타리크 라시드 ,고락윤 ,2021-03-10,9791162243954
더 나은 프로그래밍을 위한 코드골프 : 즐기면서 배우는 자바스크립트 코드 퍼즐과 알고리즘,야나이 마사카즈 ,"손정도 , 김정현 ",2015-01-28,9788968481673
파이썬 날코딩으로 알고 짜는 딥러닝,윤덕호 ,,2019-07-15,9791162242001
"데이터과학 입문: 구글, MS, 이베이 데이터과학자에게 배우다","레이철 슈트 , 캐시 오닐 ","윤영민 , 허선 , 전희주 , 김정일 , 류자현 ",2014-10-28,9788968481352
뇌를 자극하는 파이썬 3,박상현 ,,2016-02-05,9788968482359
파이썬 라이브러리를 활용한 데이터 분석(수정보완판),웨스 맥키니(Wes Mckinney) ,김영근 ,2013-10-26,9788968480478
나는 프로그래머다,임백준외 6명 ,,2004-03-16,8979142749
미라클 모닝 다이어리,할 엘로드 ,이현주 ,2016-11-16,9791157841554
칼만 필터는 어렵지 않아 with MATLAB Examples,김성필 ,,2019-05-20,9791156644415
Head First Python : 머리에 쏙쏙 들어오는 파이썬 안내서(수정판),폴 베리 ,강권학 ,2016-03-28,9788968482724
헬로 데이터 과학 : 삶과 업무를 바꾸는 생활 데이터 활용법,김진영 ,,2016-02-23,9788968482656
기초 확률과 통계 : BASIC PROBABILITY & STATISTICS,박대수 ,,2013-08-21,9788998756543
Head First Statistics: 실생활 예제로 배우는 정말 쉬운 통계 이야기,돈 그리피스 ,임백준 ,2012-04-26,9788979147278
이공계생을 위한 확률과 통계 : Forward-Looking Probability and Statistics,안승철 ,,2014-07-10,9791156641223
Think Stats : 프로그래머를 위한 통계 및 데이터 분석 방법,앨런 B. 다우니 ,김석우 ,2013-09-03,9788968486340
회사에서 바로 통하는 엑셀 실무 데이터 분석,최준선 ,,2012-11-20,9788979149807
Head First Programming : 파이썬으로 처음 배우는 프로그래밍,"폴 배리 , 데이빗 그리피스 ",강권학 ,2011-03-17,9788979148190
자바로 배우는 핵심 자료구조와 알고리즘,앨런 B. 다우니 ,유동환 ,2018-06-01,9791162240847
너에게 한번뿐인 일곱살엔,권지영 ,,2015-11-12,9791185933306
프로그래머로 사는 법: 프로그래머의 길을 걸어가는 당신을 위한 안내서,샘 라이트스톤 ,서환수 ,2012-10-17,9788979149623
Programming Challenges: 알고리즘 트레이닝 북,"스티븐 스키에나 , 미구엘 레비야 ",서환수 ,2004-07-14,8979142889
"팟캐스트 나는 프로그래머다: 뉴욕, 서울, 도쿄 개발자의 촌철살인 IT 이야기","임백준 , 정도현 , 김호광 ",,2015-10-19,9788968482281
TopCoder 탑코더 알고리즘 트레이닝,타카하시 나오히로 ,윤인성 ,2013-10-28,9788968480553
뇌를 자극하는 알고리즘,박상현 ,,2009-09-04,9788979146875
누워서 읽는 알고리즘: 프로그래밍 상상력을 키워주는 알고리즘 이야기,임백준 ,,2015-10-16,9788968482274
프로그래머의 리더십,정영훈 ,,2015-01-05,9788968481512
9가지 사례로 익히는 고급 스파크 분석(2판),"샌디 라이자 , 유리 레이저슨 , 션 오언 , 조시 윌스 ","박상은 , 권한철 , 서양주 ",2018-03-05,9791162240526
회사에서 바로 통하는 엑셀 2013,한은숙 ,,2014-07-09,9788968481079
R로 배우는 데이터 분석 기본기 데이터 시각화 : 예제와 함수 중심으로 배우는 빅데이터 분석,후나오 노부오 ,김성재 ,2014-01-02,9788968480645
데이터 분석을 통한 네트워크 보안 : IoT 시대에 맞는 상황 인식형 보안 구축하기,마이클 콜린스 ,문성건 ,2016-03-28,9788968482588
Head First C : 내공 있는 C 프로그래머로 이끌어주는 착한 안내서,"데이빗 그리피스 , 돈 그리피스 ",강권학 ,2012-11-08,9788979149760
엑셀 매크로&VBA 바이블: 회사에서 필요한 코드는 모두 있다!,최준선 ,,2012-06-28,9788979149357
엑셀 함수&수식 바이블: 회사에서 필요한 함수&수식은 모두 있다!,최준선 ,,2015-04-28,9788968481826
Head First Data Analysis : 당신을 최고의 데이터 분석가로 이끌어줄 마법 같은 학습서,마이클 밀튼 ,김경태 ,2013-04-11,9788968480119
엑셀 2016 매크로&VBA 바이블,최준선 ,,2016-02-26,9788968482670
엑셀 바이블 : 실무에 최적화된 엑셀 사용서(모든 버전 사용 가능),최준선 ,,2019-05-08,9791162241813
"(10대를 위한 프로그래밍 노트, 수프) 코딩 클럽 LV1. 모두를 위한 파이썬 기초",크리스 로피 ,유형목 ,2015-08-26,9788968482168
Head First Android Development : 개념과 구조를 머릿속에 그려주는 안드로이드 개발 입문서(개정판),"돈 그리피스 , 데이비드 그리피스 ",우정은 ,2018-07-15,9791162240953
"(10대를 위한 프로그래밍 노트, 수프) 코딩 클럽 LV2. 본격 파이썬 입문",크리스 로피 ,"이지호 , 유형목 ",2015-08-26,9788968482175
엑셀 매크로&VBA 바이블,최준선 ,,2019-09-10,9791162242209
알고리즘 문제 풀이 전략,"조중필 , 한현상 , 이주호 ",,2016-06-01,9788968482700
프로그래밍은 상상이다,임백준 ,,2008-09-01,9788979145946
폴리글랏 프로그래밍 : 새로운 자바 언어를 기다리는 히치하이커를 위한 안내서,임백준 ,,2014-03-18,9788968480867
Hello Coding 그림으로 개념을 이해하는 알고리즘,아디트야 바르가바 ,김도형 ,2017-04-01,9788968483547
임백준의 아카 시작하기 : Akka 개념 잡기,임백준 ,,2015-10-29,9788968487897
The Art of Computer Programming 1: 기초 알고리즘(개정 3판),도널드 커누스(Donald E. Knuth) ,류광 ,2006-09-28,9788979144307
The Art of Computer Programming 2: 준수치적 알고리즘(개정 3판),도널드 커누스(Donald E. Knuth) ,류광 ,2007-09-14,9788979144840
The Art of Computer Programming 3: 정렬과 검색(개정 2판),도널드 커누스(Donald E. Knuth)) ,류광 ,2008-01-01,9788979145496
The Art of Computer Programming 4A 컴퓨터 프로그래밍의 예술: 조합적 알고리즘 1부,도널드 커누스(Donald E. Knuth) ,류광 ,2013-08-19,9788968480287
데이터 시각화를 위한 데이터 인사이트 : 빅데이터를 바라보는 통찰의 눈,헌터 휘트니 ,한선용 ,2014-04-18,9788968480942
"Blog2Book, 프로젝트 관리자PM를 위한 프로젝트 관리 이야기",신진현 ,,2015-02-27,9788968481048
드림팀의 악몽: 산으로 가는 팀 프로젝트를 바로잡는 애자일 코칭법,포샤 텅 ,김광호 ,2014-05-16,9788968480973
비즈니스를 위한 데이터 과학 : 빅데이터를 바라보는 데이터 마이닝과 분석적 사고,"포스터 프로보스트 , 톰 포셋 ",강권학 ,2014-06-24,9788968481093
뇌를 자극하는 C 프로그래밍,서현우 ,,2005-10-01,8979143443
"(10대를 위한 프로그래밍 노트, 수프) 코딩 클럽 LV4. 파이썬 프로그래밍 아트",크리스 로피 ,유형목 ,2016-09-28,9788968484797
"데이터과학 입문: 구글, MS, 이베이 데이터과학자에게 배우다","레이철 슈트 , 캐시 오닐 ","윤영민 , 허선 , 전희주 , 김정일 , 류자현 ",2014-10-28,9788968481352
이것이 C 언어다,서현우 ,,2014-05-20,9788968481024
"(10대를 위한 프로그래밍 노트, 수프) 코딩 클럽 LV3. 제대로 된 파이썬 앱 만들기",크리스 로피 ,"이지호 , 유형목 ",2015-11-06,9788968482335
"안드로이드 프로그래밍 정복 4판, 1권",김상형 ,,2016-01-22,9788968482526
"안드로이드 프로그래밍 정복 4판, 2권",김상형 ,,2016-01-22,9788968482533
이것이 안드로이드다,박성근 ,,2014-08-25,9788968481178
브루스 테이트의 세븐 랭귀지 : 프로그래머라면 알아야 할 미래를 품은 7가지 언어,브루스 테이트 ,임백준 ,2015-04-27,9788968481857
"자바 8 인 액션 : 람다, 스트림, 함수형 프로그래밍으로 새로워진 자바 마스터하기","라울-게이브리얼 우르마 , 마리오 푸스코 , 앨런 마이크로프트 ",우정은 ,2015-03-19,9788968481796
파이썬으로 배우는 프로그래밍 기초,크리스 로피 ,"유형목 , 이지호 ",2016-08-18,9788968484940
엑셀 2016 함수&수식 바이블,최준선 ,,2018-05-04,9791162240724
회사에서 바로 통하는 엑셀 2013 & 한글 2014,"전미진 , 신면철 ",,2015-06-28,9788968482076
이것이 자바다,신용권 ,,2015-01-06,9788968481475
엑셀 2013 바이블 : 회사에서 필요한 기능은 모두 있다,최준선 ,,2013-06-25,9788968480270
"IT CookBook, 엑셀 2013 : 기본 기능부터 실무 활용까지",하숙정 ,,2015-02-16,9791156641506
"(꼬마해커의 작업실, 수프) 스크래치 : 창의력과 문제해결능력 향상을 위한 첫걸음","김종훈 , 양영훈 ",,2014-03-20,9788968480829
"Head First PMP : 체계적인 프로젝트 관리를 위한 국제 공인 학습법 (개정3판, PMBOK® 지침서 5판 시험대비용)","제니퍼 그린 , 앤드류 스텔만 ","한동환 , 김기평 ",2014-09-12,9788968481154
"(10대를 위한 프로그래밍 노트, 수프) 프로그래밍 비타민 : 컴퓨팅 사고력을 키우는 22가지 이야기",김종훈 ,,2015-07-28,9788968482106
Head First Java: 뇌 회로를 자극하는 자바 학습법(개정판),"케이시 시에라 , 버트 베이츠 ",서환수 ,2005-11-16,8979143710
엔지니어를 위한 데이터 시각화 :  D3.js로 배우는 데이터 시각화 이론과 12가지 사례,"모리후지 다이치 , 안티베이지안 ",김성재 ,2015-04-27,9788968481918
"IT CookBook, C 언어 트레이닝",김상형 ,,2017-12-04,9791156643609
Head First Design Patterns: 스토리가 있는 패턴 학습법,"에릭 프리먼 , 엘리자베스 프리먼 , 케이시 시에라 , 버트 베이츠 ",서환수 ,2005-08-22,8979143400
"IT CookBook, C++ 트레이닝",김상형 ,,2018-03-25,9791156643906
파이썬 정복,김상형 ,,2018-04-02,9791162240540
"Blog2Book, 프로젝트 성패를 결정짓는 데이터 모델링 이야기",김상래 ,,2015-09-17,9788968482212
혼자 공부하는 C 언어,서현우 ,,2019-06-10,9791162241868
스크럼 성공전략 : 성공하는 애자일을 위한 30가지 지름길,일란 골드스타인(Ilan Goldstein) ,박남혜 ,2014-09-02,9788968481239
린 UX : 린과 애자일 그리고 진화하는 사용자 경험,"제프 고델프 , 조시 세이던 ",김수영 ,2013-10-25,9788968480485
Head First Android Development : 개념과 구조를 머릿속에 그려주는 안드로이드 개발 입문서(개정판),"돈 그리피스 , 데이비드 그리피스 ",우정은 ,2018-07-15,9791162240953
Hello Coding 그림으로 개념을 이해하는 알고리즘,아디트야 바르가바 ,김도형 ,2017-04-01,9788968483547
Head First Java: 뇌 회로를 자극하는 자바 학습법(개정판),"케이시 시에라 , 버트 베이츠 ",서환수 ,2005-11-16,8979143710
자바 퍼즐러 : 세상에서 가장 재미있는 자바 책,"조슈아 블로크 , 닐 개프터 ",윤인성 ,2014-12-27,9788968481444
회사에서 바로 통하는 한글 2014,신면철 ,,2015-02-27,9788968481734
PMP 바이블 : PMP 자격증 취득의 길로 안내하는 가장 확실한 지침서 (전2권 세트),"강정배 , 서정훈 , 이지현 , 박주진 ",,2015-01-07,9788968481604
실전 자바 소프트웨어 개발,"라울-게이브리얼 우르마 , 리처드 워버턴 ",우정은 ,2020-06-20,9791162243176
회사에서 바로 통하는 엑셀+파워포인트 2016&한글 NEO,"전미진 , 이화진 , 신면철 ",,2017-07-12,9788968483363
"(10대를 위한 프로그래밍 노트, 수프) 앱 인벤터: 나만의 앱 만들기! 구글과 MIT 기술로 배우는 컴퓨팅 사고력",김종훈 ,,2016-01-14,9788968482342
스크래치를 활용한 문제해결능력 향상,김종훈 ,,2016-02-19,9788968482625
"모던 자바 인 액션 : 람다, 스트림, 함수형, 리액티브 프로그래밍으로 새로워진 자바 마스터하기","라울-게이브리얼 우르마 , 마리오 푸스코 , 앨런 마이크로프트 ",우정은 ,2019-08-01,9791162242025
"IT CookBook for Beginner, C++ 기초","신호철 , 조인현 ",,2013-08-13,9788998756475
"Head First Agile : 개념부터 시험 대비까지, 가장 애자일다운 안내서","앤드류 스텔만 , 제니퍼 그린 ",박현철 ,2019-08-01,9791162242018
"IT CookBook, C C++로 배우는 자료구조론",주우석 ,,2015-02-24,9791156641780
뇌를 자극하는 Java 프로그래밍,김윤명 ,,2006-09-04,8979143974
Head First Servlets & JSP(개정판) : 상상력을 자극하는 몰입의 학습법,"케이시 시에라 , 버트 베이츠 , 브라얀 바샴 ",김종호 ,2009-02-02,9788979146639
HTML5+CSS3 정복 : 실습 위주의 친절한 HTML5 자습서,김상형 ,,2014-09-28,9788968481277
"자바 8 인 액션 : 람다, 스트림, 함수형 프로그래밍으로 새로워진 자바 마스터하기","라울-게이브리얼 우르마 , 마리오 푸스코 , 앨런 마이크로프트 ",우정은 ,2015-03-19,9788968481796
Elemental Design Patterns : 객체지향과 디자인 패턴의 연결 고리,제이슨 맥컴 스미스 ,김지원 ,2013-05-02,9788968480140
리팩토링: 코드 품질을 개선하는 객체지향 사고법,마틴 파울러 ,김지원 ,2012-11-01,9788979149715
"안드로이드 프로그래밍 정복 4판, 1권",김상형 ,,2016-01-22,9788968482526
회사에서 바로 통하는 엑셀+파워포인트 2013&한글 2014,"전미진 , 이화진 , 신면철 ",,2015-04-28,9788968481932
회사에서 바로 통하는 엑셀+파워포인트+워드 2013 & 한글 2014,"전미진 , 이화진 , 신면철 ",,2015-05-19,9788968481949
"(꼬마해커의 작업실, 수프) 스크래치 알고리즘 : 초등학생도 볼 수 있는 가장 쉬운 알고리즘",김종훈 ,,2014-11-12,9788968481390
회사에서 바로 통하는 엑셀+파워포인트+워드 2013 & 한글 2014 & 윈도우 10,"전미진 , 이화진 , 신면철 , 박광수(아크몬드) ",,2016-03-28,9788968482731
회사에서 바로 통하는 엑셀 함수 실무 강의,"김경자 , 송선영 ",,2017-05-31,9788968488054
회사에서 바로 통하는 한글 NEO FOR STARTERS,신면철 ,,2017-06-28,9788968488092
회사에서 바로 통하는 엑셀 실무 강의,전미진 ,,2016-09-08,9788968484919
대학생을 위한 스크래치 프로그래밍 : 누구나 할 수 있는 가장 쉬운 프로그래밍 입문서,김종훈 ,,2016-01-26,9788968482557
"IT CookBook, C C++ 프로그래밍 : 프로그래밍 기초와 객체지향",김동근 ,,2013-03-12,9788998756086
이것이 C++이다,최호성 ,,2016-01-19,9788968482465
"IT CookBook, C로 배우는 쉬운 자료구조(개정판)",이지영 ,,2013-07-28,9788998756383
뇌를 자극하는 알고리즘,박상현 ,,2009-09-04,9788979146875
이것이 자바다,신용권 ,,2015-01-06,9788968481475
누워서 읽는 알고리즘: 프로그래밍 상상력을 키워주는 알고리즘 이야기,임백준 ,,2015-10-16,9788968482274
자바스크립트 자료구조와 알고리즘 : 구조적이고 효율적인 자바스크립트 프로그래밍 기법 익히기,마이클 맥밀런 ,우정은 ,2014-08-28,9788968481222
"안드로이드 프로그래밍 정복 4판, 2권",김상형 ,,2016-01-22,9788968482533
"IT CookBook, 자바로 배우는 쉬운 자료구조",이지영 ,,2013-07-02,9788998756420
"IT CookBook, OpenGL로 배우는 3차원 컴퓨터 그래픽스",주우석 ,,2013-08-18,9788998756505
이것이 안드로이드다,박성근 ,,2014-08-25,9788968481178
회사에서 바로 통하는 파워포인트 2013,전상오 ,,2014-11-25,9788968481413
Head First Statistics: 실생활 예제로 배우는 정말 쉬운 통계 이야기,돈 그리피스 ,임백준 ,2012-04-26,9788979147278
뇌를 자극하는 JSP & Servlet,김윤명 ,,2010-12-15,9788979147506
회사에서 바로 통하는 엑셀 2016 FOR STARTERS,전미진 ,,2017-03-15,9788968483455
회사에서 바로 통하는 파워포인트 2016 FOR STARTERS,이화진 ,,2017-04-14,9788968483462
회사에서 바로 통하는 엑셀 데이터 활용+분석,"김경자 , 송선영 ",,2016-06-30,9788968482823
회사에서 바로 통하는 실무 엑셀 데이터 활용+분석,"김경자 , 송선영 ",,2019-06-10,9791162241851
"IT CookBook, C 언어 트레이닝",김상형 ,,2017-12-04,9791156643609
"IT CookBook, C++ 트레이닝",김상형 ,,2018-03-25,9791156643906
혼자 공부하는 자바,신용권 ,,2019-06-10,9791162241875
"(10대를 위한 프로그래밍 노트, 수프) 앱 인벤터: 나만의 앱 만들기! 구글과 MIT 기술로 배우는 컴퓨팅 사고력",김종훈 ,,2016-01-14,9788968482342
더글라스 크락포드의 자바스크립트 핵심 가이드,더글라스 크락포드(Douglas Crockford) ,김명신 ,2008-09-26,9788979145984
"(10대를 위한 프로그래밍 노트, 수프) 프로그래밍 비타민 : 컴퓨팅 사고력을 키우는 22가지 이야기",김종훈 ,,2015-07-28,9788968482106
"인사이드 자바스크립트 : 핵심 개념과 원리를 정확하게. jQuery, Node.js, 클로저의 개념까지","송형주 , 고현준 ",,2014-01-02,9788968480652
자바스크립트 성능 최적화: High Performance JavaScript,니콜라스 자카스 ,한선용 ,2011-09-15,9788979148558
"(10대를 위한 프로그래밍 노트, 수프) 코딩 클럽 LV2. 본격 파이썬 입문",크리스 로피 ,"이지호 , 유형목 ",2015-08-26,9788968482175
자바스크립트를 말하다 : 가장 간결하면서도 완벽한 자바스크립트 입문서,악셀 라우슈마이어 ,한선용 ,2014-09-12,9788968481192
"(10대를 위한 프로그래밍 노트, 수프) 코딩 클럽 LV1. 모두를 위한 파이썬 기초",크리스 로피 ,유형목 ,2015-08-26,9788968482168
"(10대를 위한 프로그래밍 노트, 수프) 코딩 클럽 LV3. 제대로 된 파이썬 앱 만들기",크리스 로피 ,"이지호 , 유형목 ",2015-11-06,9788968482335
"IT CookBook, C로 배우는 쉬운 자료구조(개정3판)",이지영 ,,2016-07-28,9791156642695
"Blog2Book, 아는 만큼 보이는 데이터베이스 설계와 구축",이춘식 ,,2008-07-04,9788979145571
드림팀의 악몽: 산으로 가는 팀 프로젝트를 바로잡는 애자일 코칭법,포샤 텅 ,김광호 ,2014-05-16,9788968480973
"IT CookBook, 컴퓨터 비전",오일석 ,,2014-07-01,9791156641216
회사에서 바로 통하는 엑셀 함수 실무 강의,"김경자 , 송선영 ",,2017-05-31,9788968488054
스크럼 성공전략 : 성공하는 애자일을 위한 30가지 지름길,일란 골드스타인(Ilan Goldstein) ,박남혜 ,2014-09-02,9788968481239
이공계생을 위한 확률과 통계 : Forward-Looking Probability and Statistics,안승철 ,,2014-07-10,9791156641223
기초 확률과 통계 : BASIC PROBABILITY & STATISTICS,박대수 ,,2013-08-21,9788998756543
만들면서 배우는 안드로이드 게임 프로그래밍(개정판),황동윤 ,,2013-06-20,9788968480249
"IT CookBook, 쉽게 배우는 알고리즘 : 관계 중심의 사고법",문병로 ,,2013-07-02,9788998756406
"모던 웹을 위한 JavaScript + jQuery 입문(개정판) : 자바스크립트에서 제이쿼리, 제이쿼리 모바일까지 한 권으로 끝낸다",윤인성 ,,2013-09-03,9788968480423
린 UX : 린과 애자일 그리고 진화하는 사용자 경험,"제프 고델프 , 조시 세이던 ",김수영 ,2013-10-25,9788968480485
초보자를 위한 안드로이드 스튜디오 : Hello World부터 채팅 앱과 벽돌깨기 게임까지,마츠오카 겐지 ,김성재 ,2016-01-22,9788968482564
"IT CookBook for Beginner, C++ 기초","신호철 , 조인현 ",,2013-08-13,9788998756475
"IT CookBook, C C++로 배우는 자료구조론",주우석 ,,2015-02-24,9791156641780
기계 학습,오일석 ,,2017-12-05,9791156641582
"IT CookBook, R로 배우는 데이터 과학","양윤석 , 오일석 , 강래형 ",,2019-05-08,9791156644460
"IT CookBook, C++ 하이킹 : 객체지향과 만나는 여행","성윤정 , 김태은 ",,2013-06-19,9788998756215
뇌를 자극하는 C++ 프로그래밍,이현창 ,,2006-07-06,8979144199
"IT CookBook, C++ 프로그래밍 기초 : 객체지향의 시작","성윤정 , 김태은 ",,2014-03-12,9791156641049
Head First SQL : 효율적인 DB 관리를 위한 SQL 학습법,린 베일리 ,박종걸 ,2008-05-28,9788979145601
"IT CookBook, 기본 개념과 핵심 원리로 배우는 C++ 프로그래밍",김화수 ,,2017-12-22,9791156643647
"Head First PMP : 체계적인 프로젝트 관리를 위한 국제 공인 학습법 (개정3판, PMBOK® 지침서 5판 시험대비용)","제니퍼 그린 , 앤드류 스텔만 ","한동환 , 김기평 ",2014-09-12,9788968481154
처음 배우는 데이터 과학,필드 케이디 ,최근우 ,2018-02-19,9791162240472
"Blog2Book, 프로젝트 관리자PM를 위한 프로젝트 관리 이야기",신진현 ,,2015-02-27,9788968481048
애자일 개발과 스크럼 : 더 나은 자신과 팀을 위한 소프트웨어 개발 방법,"노나카 이쿠지로 , 히라나베 겐지 ",이명교 ,2014-07-28,9788968481109
훌륭한 프로그래머 되는 법 : 프로젝트와 팀을 성공으로 이끄는 선배 개발자의 노하우,피트 구들리프 ,"최원재 , 강전희 , 안재덕 , 남윤화 ",2015-12-04,9788968482304
데이터 과학을 위한 통계,"피터 브루스 , 앤드루 브루스 ",이준용 ,2018-10-02,9791162240984
"IT CookBook, C C++ 프로그래밍 : 프로그래밍 기초와 객체지향",김동근 ,,2013-03-12,9788998756086
"Blog2Book, 프로젝트 성패를 결정짓는 데이터 모델링 이야기",김상래 ,,2015-09-17,9788968482212
회사에서 바로 통하는 엑셀 실무 강의,전미진 ,,2016-09-08,9788968484919
SQL 레벨업 : DB 성능 최적화를 위한 SQL 실전 가이드,미크 ,윤인성 ,2016-01-22,9788968482519
엑셀만 알아도 할 수 있는 데이터 과학,"우와후지 이치로우 , 니시카와 히로아키 , 아사쿠라 마사미 , 모리모토 에이이치 ",진솔 ,2019-03-04,9791162241530
처음 배우는 머신러닝,"김승연 , 정용주 ",,2017-10-01,9791162240045
린 고객 개발 : 고객의 지갑을 여는 제품 만들기,신디 앨버레즈 ,"박주훈 , 이광호 ",2015-04-27,9788968481864
이것이 C++이다,최호성 ,,2016-01-19,9788968482465
회사에서 바로 통하는 엑셀 데이터 활용+분석,"김경자 , 송선영 ",,2016-06-30,9788968482823
린 마인드셋 : 린 스타트업을 위한 경영 철학,"메리 포펜딕 , 톰 포펜딕 ",위선주 ,2014-04-02,9788968480928
"IT CookBook, C로 배우는 쉬운 자료구조(개정판)",이지영 ,,2013-07-28,9788998756383
데이터 분석을 위한 SQL 레시피,"가사키 나가토 , 다미야 나오토 ",윤인성 ,2018-04-01,9791162240601
뇌를 자극하는 C++ STL,공동환 ,,2012-04-26,9788979149135
"IT CookBook, 데이터베이스 개론",김연희 ,,2013-07-03,9788998756253
"IT CookBook, 빅데이터 컴퓨팅 기술","박두순 , 문양세 , 박영호 , 윤찬현 , 정영식 , 장형석 ",,2014-06-24,9791156641148
처음 시작하는 R 데이터 분석,"강전희 , 엄동란 ",,2018-10-05,9791162241202
Head First PHP & MySQL: 효과적이고 생동감 넘치는 웹 애플리케이션 만들기,"린 베일리 , 마이클 모리슨 공저 ",홍승표 ,2010-05-07,9788979147391
PMP 바이블 : PMP 자격증 취득의 길로 안내하는 가장 확실한 지침서 (전2권 세트),"강정배 , 서정훈 , 이지현 , 박주진 ",,2015-01-07,9788968481604
골빈해커의 3분 딥러닝,김진중(골빈해커) ,,2017-09-25,9791162240137
"IT CookBook, 자바로 배우는 쉬운 자료구조",이지영 ,,2013-07-02,9788998756420
파이썬 라이브러리를 활용한 머신러닝,"안드레아스 뮐러 , 세라 가이도 ",박해선 ,2017-07-01,9788968483394
"Head First Agile : 개념부터 시험 대비까지, 가장 애자일다운 안내서","앤드류 스텔만 , 제니퍼 그린 ",박현철 ,2019-08-01,9791162242018
나는 프로그래머다,임백준외 6명 ,,2004-03-16,8979142749
"팟캐스트 나는 프로그래머다: 뉴욕, 서울, 도쿄 개발자의 촌철살인 IT 이야기","임백준 , 정도현 , 김호광 ",,2015-10-19,9788968482281
"IT CookBook, SQL Server로 배우는 데이터베이스 개론과 실습","박우창 , 남송휘 ",,2013-07-01,9788998756246
자바스크립트 자료구조와 알고리즘 : 구조적이고 효율적인 자바스크립트 프로그래밍 기법 익히기,마이클 맥밀런 ,우정은 ,2014-08-28,9788968481222
회사에서 바로 통하는 엑셀 FOR STARTERS,전미진 ,,2020-01-06,9791162242544
그것이 R고 싶다,양중기 ,,2018-07-09,9791162240885
"IT CookBook, R로 배우는 딥러닝","박혜정 , 석경하 , 심주용 , 황창하 ",,2018-06-30,9791156644095
회사에서 바로 통하는 실무 엑셀 최강 업무 활용법,전미진 ,,2019-11-30,9791162242292
처음 배우는 인공지능,다다 사토시 ,송교석 ,2017-06-01,9788968483318
회사에서 바로 통하는  실무 엑셀+파워포인트+워드&한글(개정판),"전미진 , 이화진 , 신면철 ",,2020-04-10,9791162243008
"IT CookBook, OpenGL로 배우는 3차원 컴퓨터 그래픽스",주우석 ,,2013-08-18,9788998756505
회사에서 바로 통하는 엑셀 실무 강의,전미진 ,,2018-08-30,9791162241004
빅데이터의 충격: 거대한 데이터의 파도가 사업 전략을 바꾼다!,시로타 마코토 ,김성재 ,2013-01-26,9788979144338
"IT CookBook , MySQL로 배우는 데이터베이스 개론과 실습","박우창 , 남송휘 , 이현룡 ",,2019-08-15,9791156644576
프로그래머로 사는 법: 프로그래머의 길을 걸어가는 당신을 위한 안내서,샘 라이트스톤 ,서환수 ,2012-10-17,9788979149623
파이썬 라이브러리를 활용한 머신러닝(번역개정판) : 사이킷런 핵심 개발자가 쓴 머신러닝과 데이터 과학 실무서,"안드레아스 뮐러 , 세라 가이도 ",박해선 ,2019-03-29,9791162241646
만들면서 배우는 기계 학습: 생각을 만드는 빅데이터 기술,오다카 토모히로 ,김성재 ,2012-06-18,9788979149234
"IT CookBook, 전공자를 위한 C 언어 프로그래밍",주우석 ,,2018-12-14,9791156643708
프로그래머의 리더십,정영훈 ,,2015-01-05,9788968481512
뇌를 자극하는 PHP 프로그래밍,조명진 ,,2009-07-21,9788979146585
"IT CookBook, 텐서플로로 배우는 딥러닝","박혜정 , 석경하 , 심주용 , 황창하 ",,2019-06-30,9791156644538
린 분석 : 성공을 예측하는 31가지 사례와 13가지 패턴,"앨리스테어 크롤 , 벤저민 요스코비츠 ",위선주 ,2014-01-02,9788968480690
"IT CookBook, 오라클로 배우는 데이터베이스 개론과 실습(2판)","박우창 , 남송휘 , 이현룡 ",,2020-07-30,9791156645023
사전처럼 바로 찾아 쓰는 알고리즘,"조지 T. 하인만 , 게리 폴리케 , 스탠리 셀코 ",전경원 ,2010-03-08,9788979147292
빅데이터로 일하는 기술 : 감이 아닌 과학으로 성공하는 빅데이터 구축 및 활용 가이드,장동인 ,,2014-12-27,9788968481376
회사에서 바로 통하는 엑셀+파워포인트+워드 2016&한글 NEO&윈도우 10,"전미진 , 이화진 , 신면철 , 박광수 ",,2018-02-05,9791162240267
Programming Challenges: 알고리즘 트레이닝 북,"스티븐 스키에나 , 미구엘 레비야 ",서환수 ,2004-07-14,8979142889
자바스크립트 성능 최적화: High Performance JavaScript,니콜라스 자카스 ,한선용 ,2011-09-15,9788979148558
머하웃 완벽 가이드(Mahout in Action): 하둡에 딱 맞는 빅데이터를 활용한 기계학습,"션 오웬 , 로빈 애닐 , 테드더닝 , 엘렌 프리드만 ",안태성 ,2012-10-23,9788979149609
함수형 자바스크립트 : 새롭고 올바른 자바스크립트 프로그래밍 기법,마이클 포거스 ,우정은 ,2014-01-28,9788968480799
더글라스 크락포드의 자바스크립트 핵심 가이드,더글라스 크락포드(Douglas Crockford) ,김명신 ,2008-09-26,9788979145984
자바스크립트를 말하다 : 가장 간결하면서도 완벽한 자바스크립트 입문서,악셀 라우슈마이어 ,한선용 ,2014-09-12,9788968481192
"IT CookBook, 컴퓨터 비전",오일석 ,,2014-07-01,9791156641216
"인사이드 자바스크립트 : 핵심 개념과 원리를 정확하게. jQuery, Node.js, 클로저의 개념까지","송형주 , 고현준 ",,2014-01-02,9788968480652
처음 시작하는 R 데이터 분석,"강전희 , 엄동란 ",,2018-10-05,9791162241202
케스케이딩 완벽 가이드 : 빅데이터 분석을 위한 하둡 워크플로우 관리 도구,파코 네이선 ,"오세봉 , 장정호 ",2014-01-17,9788968480775
"IT CookBook, PHP 프로그래밍 for Beginner","박대혁 , 강의선 ",,2009-07-08,9788979146318
엑셀 2016 바이블,최준선 ,,2016-09-30,9788968484827
"IT CookBook, PHP 프로그래밍 입문(개정판)",황재호 ,,2013-05-28,9788998756208
엑셀 2016 함수&수식 바이블,최준선 ,,2018-05-04,9791162240724
그것이 R고 싶다,양중기 ,,2018-07-09,9791162240885
"Modern PHP: 네임스페이스, 트레이트, 클로저부터 모범 사례와 최신 도구까지",조시 록하트 ,정병열 ,2015-10-15,9788968482250
프로그래밍은 상상이다,임백준 ,,2008-09-01,9788979145946
엑셀 2016 매크로&VBA 바이블,최준선 ,,2016-02-26,9788968482670
엑셀 피벗&파워 쿼리 바이블,최준선 ,,2017-11-05,9791162240083
"MongoDB 몽고디비 완벽 가이드 : 페이스북, 트위터가 선택한 NoSQL의 진수를 만나다! (개정2판)",크리스티나 초도로우 ,"이승구 , 김인범 ",2014-04-24,9788968480959
맵리듀스 디자인 패턴 : 하둡과 빅데이터에 효과적인 6가지 방법론과 26가지 실용 패턴,"도널드 마이너 , 아담 슈크 ","이주열 , 오석근 ",2013-07-24,9788968480348
하이브 완벽 가이드: 하둡을 이용한 SQL 기반 빅데이터 분석 도구,"에드워드 카프리올로 , 딘 웜플러 , 제이슨 러더글렌 ",오세봉 외 ,2013-03-28,9788968480072
"IT CookBook, R로 배우는 데이터 과학","양윤석 , 오일석 , 강래형 ",,2019-05-08,9791156644460
회사에서 바로 통하는 엑셀 2016,한은숙 ,,2017-07-05,9788968483356
회사에서 바로 통하는 한글 NEO FOR STARTERS,신면철 ,,2017-06-28,9788968488092
"IT CookBook, 디지털 영상처리 입문 : 오감을 자극하는 3차원 입체 학습","신종홍 , 장선봉 , 지인호 ",,2015-02-16,9791156641766
"IT CookBook, 파이썬으로 만드는 인공지능","오일석 , 이진선 ",,2021-01-05,9791156645085
TopCoder 탑코더 알고리즘 트레이닝,타카하시 나오히로 ,윤인성 ,2013-10-28,9788968480553
Head First JavaScript Programming : 게임과 퍼즐로 배우는 자바스크립트 입문서,"에릭 프리먼 , 엘리자베스 롭슨 ",강권학 ,2015-01-27,9788968481567
MongoDB 활용 가이드: 스케일링과 50가지 팁,크리스티나 초도로우 ,이진석 ,2011-12-09,9788979148862
회사에서 바로 통하는 엑셀+파워포인트 2016&한글 NEO,"전미진 , 이화진 , 신면철 ",,2017-07-12,9788968483363
"IT CookBook, R로 배우는 딥러닝","박혜정 , 석경하 , 심주용 , 황창하 ",,2018-06-30,9791156644095
기계 학습,오일석 ,,2017-12-05,9791156641582
"IT CookBook, PHP 프로그래밍 입문(3판)",황재호 ,,2019-05-20,9791156644446
엑셀 함수&수식 바이블: 회사에서 필요한 함수&수식은 모두 있다!,최준선 ,,2015-04-28,9788968481826
MongoDB 완벽 가이드 : NoSQL의 진수를 만나다!,"크리스티나 초도로우 , 마이클 디롤프 ",윤진석 ,2011-05-19,9788979148251
"IT CookBook, HTML & CSS for Beginner",황재호 ,,2016-11-10,9791156642794
Hello Coding HTML5+CSS3,황재호 ,,2018-03-02,9791162240502
PHP 보안: 몇 줄의 코드로 안전하게,크리스 쉬플릿 ,한동훈 ,2006-03-07,8979143877
엑셀 바이블 : 실무에 최적화된 엑셀 사용서(모든 버전 사용 가능),최준선 ,,2019-05-08,9791162241813
회사에서 바로 통하는 엑셀 2016 FOR STARTERS,전미진 ,,2017-03-15,9788968483455
"이것이 레디스다 : 초고속 읽기 쓰기를 제공하는 인메모리 기반 NoSQL, Redis",정경석 ,,2013-11-28,9788968480591
회사에서 바로 통하는 파워포인트 2016 FOR STARTERS,이화진 ,,2017-04-14,9788968483462
회사에서 바로 통하는 엑셀 비즈니스 데이터 분석,히바나 히로코(日花弘子) ,"최수진 , 최준선 ",2006-03-03,8979143869
"IT CookBook, 텐서플로로 배우는 딥러닝","박혜정 , 석경하 , 심주용 , 황창하 ",,2019-06-30,9791156644538
엑셀 매크로&VBA 바이블,최준선 ,,2019-09-10,9791162242209
PHP & MySQL 닌자 비법서,"톰 버틀러 Tom Butler , 케빈 양크 Kevin Yank ","김재영 , 정병열 ",2019-02-01,9791162241455
"IT CookBook, 영상을 이용한 디지털 신호처리 : 실제적인 사례와 응용","엄민영 , 김성제 ",,2014-01-28,9788998756857
엑셀 2013 바이블 : 회사에서 필요한 기능은 모두 있다,최준선 ,,2013-06-25,9788968480270
"IT CookBook, 컴퓨터 구조와 원리 2.0 : 비주얼 컴퓨터 아키텍처",신종홍 ,,2013-08-21,9788998756314
엑셀 매크로&VBA 바이블: 회사에서 필요한 코드는 모두 있다!,최준선 ,,2012-06-28,9788979149357
HTML5+CSS3 정복 : 실습 위주의 친절한 HTML5 자습서,김상형 ,,2014-09-28,9788968481277
회사에서 바로 통하는 엑셀 2010,한은숙 ,,2011-03-23,9788979147865
모던 웹을 위한 JavaScript + jQuery 입문(3판),윤인성 ,,2017-05-01,9788968483554
"모던 웹 디자인을 위한 HTML5+CSS3 입문, 개정판",윤인성 ,,2015-01-19,9788968481611
회사에서 바로 통하는 엑셀 2013,한은숙 ,,2014-07-09,9788968481079
인터랙티브 웹디자인북: 웹디자이너를 위한 HTML5+CSS3+jQuery 사용설명서,최성일 ,,2015-04-27,9788968481895
처음 배우는 데이터 과학,필드 케이디 ,최근우 ,2018-02-19,9791162240472
러닝 PHP,데이비드 스클라 ,정병열 ,2017-04-01,9788968483486
데이터 과학을 위한 통계,"피터 브루스 , 앤드루 브루스 ",이준용 ,2018-10-02,9791162240984
"IT CookBook, 엑셀 2013 : 기본 기능부터 실무 활용까지",하숙정 ,,2015-02-16,9791156641506
데이터베이스 첫걸음,"미크 , 기무라 메이지 ",박주항 ,2016-10-10,9788968487316
"IT CookBook, 컴퓨터 아키텍처 : 컴퓨터 구조 및 동작 원리",우종정 ,,2014-08-11,9791156641322
"JavaScript+jQuery 정복 : 보고, 이해하고, 바로 쓰는 자바스크립트 공략집",김상형 ,,2014-10-17,9788968481321
"IT CookBook, 디지털 신호 처리 : 기본 이론부터 MATLAB 실습까지",이철희 ,,2013-07-31,9788998756307
"모던 웹을 위한 JavaScript + jQuery 입문(개정판) : 자바스크립트에서 제이쿼리, 제이쿼리 모바일까지 한 권으로 끝낸다",윤인성 ,,2013-09-03,9788968480423
엑셀 함수&수식 바이블 : 실무에 최적화된 엑셀 사용서 (모든 버전 사용 가능),최준선 ,,2020-12-07,9791162243701
"프로그래밍 면접, 이렇게 준비한다(3판)","존 몽건 , 에릭 기게리 , 노아 수요야넨 킨들러 ",서환수 ,2014-02-28,9788968480843
필수 공식으로 하루에 하나씩 정복하는 엑셀 업무 공략집,최준선 ,,2020-06-01,9791162243169
이것이 MySQL이다,우재남 ,,2016-06-10,9788968482793
인터랙티브 디벨로퍼: 구글 엔지니어의 포트폴리오,김종민 ,,2015-07-24,9788968481840
회사에서 바로 통하는 엑셀 2013 & 한글 2014,"전미진 , 신면철 ",,2015-06-28,9788968482076
엑셀만 알아도 할 수 있는 데이터 과학,"우와후지 이치로우 , 니시카와 히로아키 , 아사쿠라 마사미 , 모리모토 에이이치 ",진솔 ,2019-03-04,9791162241530
이것이 SQL Server다,우재남 ,,2016-06-28,9788968482922
회사에서 바로 통하는 실무 엑셀,한은숙 ,,2019-03-31,9791162241691
"IT CookBook, 임베디드 리눅스 기초와 응용","우종정 , 사공준 ",,2017-01-24,9791156643135
"IT CookBook, 엑셀 2013 for Beginner",양숙희 ,,2014-11-28,9791156641407
"IT CookBook, 쉽게 배우는 자바 프로그래밍",우종정 ,,2017-08-02,9791156643296
"IT CookBook, 쉽게 배우는 자바 프로그래밍 2판",우종정 ,,2020-11-22,9791156645146
"IT CookBook, 기초 신호 및 시스템",이철희 ,,2016-07-18,9791156642657
"프로그래밍 면접, 이렇게 준비한다(4판)","존 몽건 , 노아 킨들러 , 에릭 기게리 ",서환수 ,2019-07-04,9791162241998
"MySQL Troubleshooting : 쿼리 문제, 원인을 알면 해결은 쉽다",스베타 스머노바(Sveta Smirnova) ,강권학 ,2013-02-07,9788979149999
모던 웹을 위한 Node.js 프로그래밍 3판,윤인성 ,,2016-07-01,9788968482946
"자바 프로그래밍 면접, 이렇게 준비한다",노엘 마크엄 ,정원천 ,2015-01-23,9788968481529
"IT CookBook, 코틀린을 활용한 안드로이드 프로그래밍","우재남 , 유혜림 ",,2020-06-19,9791156644965
"IT CookBook, 핵심이 보이는 신호 및 시스템 : 기본 이론부터 MATLAB 실습까지",이철희 ,,2015-01-09,9791156641469
회사에서 바로 통하는 한글 2014,신면철 ,,2015-02-27,9788968481734
"뇌를 자극하는 SQL Server 2012 (1권, 기본편)",우재남 ,,2013-02-13,9788979149920
"jQuery 최고의 교과서 : 디자이너, 퍼블리셔, 개발자를 위한 처음 시작하는 제이쿼리",주식회사 시프트브레인 ,송태민(어비) ,2015-01-28,9788968481574
"IT CookBook, 초보자의 첫 번째 엑셀 2010",양숙희 ,,2013-03-12,9788998756109
"IT CookBook, SQL Server로 배우는 데이터베이스 개론과 실습","박우창 , 남송휘 ",,2013-07-01,9788998756246
데이터 분석을 위한 SQL 레시피,"가사키 나가토 , 다미야 나오토 ",윤인성 ,2018-04-01,9791162240601
"IT CookBook, 초보자의 첫 번째 한글 2010",양숙희 ,,2014-08-01,9791156641124
"IT CookBook, 우분투 리눅스 : 시스템 & 네트워크",이종원 ,,2014-07-03,9791156641209
